{"train/epoch":1,"_wandb":{"runtime":711},"train/loss":0.9067041397094726,"_timestamp":1.7701300613772938e+09,"train/entropy":0.9145245797493878,"train/mean_token_accuracy":0.7941263949169832,"train_samples_per_second":10.489,"_runtime":711,"train/grad_norm":0.715356707572937,"train_loss":1.0276973795763311,"train/learning_rate":1.437125748502994e-07,"train/num_tokens":1.646785e+06,"_step":93,"train_steps_per_second":1.312,"train/global_step":935,"total_flos":1.1049442706276352e+16,"train_runtime":712.4841}