{"train/rewards/chosen":0.9090703129768372,"train/logits/chosen":1.2307140827178955,"train_runtime":2818.6695,"_wandb":{"runtime":2805},"train_steps_per_second":1.659,"_step":467,"_runtime":2805,"train/grad_norm":0.09942403435707092,"train/rewards/rejected":-7.7966203689575195,"train/loss":0.0004913041833788156,"train/logits/rejected":-0.013784267008304596,"total_flos":0,"train_samples_per_second":13.256,"train/learning_rate":6.557377049180328e-10,"_timestamp":1.7702032366044245e+09,"train/logps/chosen":-144.7071990966797,"train/logps/rejected":-146.96749877929688,"train/rewards/accuracies":1,"train/rewards/margins":8.705690383911133,"train/epoch":5,"train/global_step":4675,"train_loss":0.06689813226625761}