{"total_flos":0,"train/global_step":935,"_timestamp":1.7701219206804485e+09,"train/logits/chosen":1.6423447132110596,"train/loss":0.15120308399200438,"train_runtime":1551.7001,"_wandb":{"runtime":1492},"train/rewards/accuracies":1,"train/logps/chosen":-86.49864959716797,"_step":93,"train/logps/rejected":-79.13391876220703,"train/grad_norm":2.854753017425537,"_runtime":1492,"train_loss":0.3588349919905637,"train_steps_per_second":0.603,"train/epoch":1,"train/rewards/rejected":-0.9946276545524597,"train/logits/rejected":1.7708911895751953,"train/learning_rate":3.592814371257485e-09,"train/rewards/chosen":0.8650370836257935,"train/rewards/margins":1.8596649169921875,"train_samples_per_second":4.816}