{"_step":93,"train/epoch":1,"train_samples_per_second":4.788,"_timestamp":1.7701247778556194e+09,"_wandb":{"runtime":1559},"_runtime":1559,"train_steps_per_second":0.599,"train_loss":0.38820706899153357,"train/learning_rate":3.592814371257485e-09,"train/global_step":935,"train/logits/chosen":1.7458164691925049,"train/rewards/accuracies":1,"total_flos":0,"train/rewards/margins":1.6014035940170288,"train_runtime":1560.7053,"train/logps/rejected":-77.63662719726562,"train/logps/chosen":-135.0084228515625,"train/grad_norm":3.1998848915100098,"train/loss":0.19090063571929933,"train/rewards/chosen":0.7546181678771973,"train/rewards/rejected":-0.8467856645584106,"train/logits/rejected":1.8081529140472412}