{"_wandb":{"runtime":1597},"_step":93,"train/logits/rejected":1.8167951107025146,"train/logps/chosen":-147.87942504882812,"train/logps/rejected":-77.22559356689453,"train_runtime":1598.3493,"_timestamp":1.7701272055992324e+09,"train_loss":0.3884163878180764,"train/global_step":935,"train/learning_rate":3.592814371257485e-09,"train/grad_norm":3.098395586013794,"train/rewards/rejected":-0.802003026008606,"train_samples_per_second":4.675,"train/epoch":1,"train_steps_per_second":0.585,"train/loss":0.19081155061721802,"train/rewards/margins":1.602046251296997,"train/rewards/accuracies":1,"train/logits/chosen":1.7877063751220703,"total_flos":0,"_runtime":1597,"train/rewards/chosen":0.8000432848930359}