{"train_runtime":1539.1726,"train/logits/chosen":1.7754943370819092,"train_samples_per_second":4.855,"train_loss":0.3850767110859301,"train/learning_rate":2.9976019184652275e-09,"train_steps_per_second":0.607,"_wandb":{"runtime":1538},"train/rewards/accuracies":1,"train/epoch":1,"train/global_step":934,"train/rewards/margins":1.5481624603271484,"total_flos":0,"_runtime":1538,"train/grad_norm":3.282618522644043,"_step":93,"train/rewards/chosen":0.6955665946006775,"train/rewards/rejected":-0.8525959253311157,"train/loss":0.20276501178741455,"train/logps/rejected":-78.65437316894531,"_timestamp":1.7701287931734643e+09,"train/logps/chosen":-124.4705810546875,"train/logits/rejected":1.802117943763733}